2X2,42
Chaos,294
CNS,1
DOM,7
ELD,8
EMN,2
MH2,41
NEO,20
ORI,1
UMA,6
KTK,6
RNA,10
MM2,1
EMA,1
MH1,25
GRN,3
DMR,20
Adam Cube,25
AKH/HOU,5
IKO,6
TSR,11
MB1,13
BRO,2
MOM,7
LTR,4
DMU,7
ZNR,1
KHM,2
ISD,2
BFZ/OGW,2
RVR,5
M21,1
STX,2
M20,7
WAR,6
TBD,2
MID,1
OTJ,7
John Cube,10
MH3,22
M19,1
MB2,83
Alan Cube,6
SOI,1
DSK,7
INR,3
Collin Cube,11
IMA,2
Noah Cube,15
A25,1
DFT,4
FIN,32
BLB,3
FDN,1
LCI,1
WOE,5
Felix Cube,7
TDM,1
TLA,3
ONE,1
KLD/AER,1
SOI/EMN,1
BBD,2
SOS,9
ECL,2
ECL VG,1
Collin Cube VG,1
MSH,5
Nuzlocke,2
HOB,3
Grant Cube,1
Backdraft,1
TEST,1
