Jim,Nick D,1,FRA,9-25-2026
Thana,Matt Y,1
Jackson,Nathan,1
Jackson,Matt Y,1
Nick D,Nathan,1
Thana,Jim,1

Thana,Nathan,0,FRA,9-25-2026
Simon,Nick D,0
Jackson,Jim,1
Jackson,Thana,1
Simon,Jim,0
Nathan,Nick D,1

Kent,Mark,0,EMN,10-1-2026
David O,Matt Y,0
Collin,Nathan,0
Noah,Adam E,1
An,Eric K,1
Kent,Matt Y,0
An,Mark,0
Noah,Nathan,1
David O,Collin,1
Eric K,Adam E,1

David O,Bradley Schlesinger,1,SOI,10-1-2026
An,Nathan,0
Collin,Noah,0
Adam E,Eric K,1
David O,Noah,1
Collin,Bradley Schlesinger,0
An,Eric K,0
Nathan,Adam E,1

Eric K,Simon,1,FRA,10-2-2026
Mark,Nathan,0
Thana,Kent,0
Jackson,Noah,1
Eric K,Kent,1
Simon,Thana,1
Mark,Noah,0
Nathan,Jackson,0

PlaceHolderA,PlaceHolderB,1,TEST,1-1-2024