adam s,1138,Invoker,168,168/310
alan,884,Guildmage,164,164/250
alberto,564,Spellshaper,24,24/180
andrew d,374,Task Mage,74,74/100
chris a,2377,Archmage,77,77/-2300
clayton,2223,Battlemage,503,503/580
collin,1064,Invoker,94,94/310
david o,616,Spellshaper,76,76/180
david k,224,Apprentice,4,4/80
daniel l,96,Beginner,96,-64/0
eric k,1708,Sorcerer,428,428/440
evan s,586,Spellshaper,46,46/180
jackson,81,Beginner,81,-79/0
jacob,814,Guildmage,94,94/250
john k,567,Spellshaper,27,27/180
juwan,768,Guildmage,48,48/250
kevin s,861,Guildmage,141,141/250
luca,215,Prodigy,55,55/60
luis,803,Guildmage,83,83/250
luke,553,Spellshaper,13,13/180
marco,631,Spellshaper,91,91/180
matt y,1509,Sorcerer,229,229/440
nick d,1496,Sorcerer,216,216/440
noah,1571,Sorcerer,291,291/440
simon,1261,Invoker,291,291/310
sonny,776,Guildmage,56,56/250
stephen,776,Guildmage,56,56/250
todd,324,Task Mage,24,24/100
tony,1735,Battlemage,15,15/580
travis,283,Apprentice,63,63/80
walski,1387,Sorcerer,107,107/440
zane,468,Adept,68,68/140
frank,252,Apprentice,32,32/80
thana,817,Guildmage,97,97/250
aaron,241,Apprentice,21,21/80
mike,170,Prodigy,10,10/60
ana,172,Prodigy,12,12/60
david k,224,Apprentice,4,4/80
patrick h,200,Prodigy,40,40/60
nick c,144,Beginner,144,-16/0
nathan,900,Guildmage,180,180/250
grant,130,Beginner,130,-30/0
felix,142,Beginner,142,-18/0
